,afl,aflfast,aflplusplus,aflsmart,entropic,fairfuzz,honggfuzz,libfuzzer,mopt
afl,-1.0,1.0,0.30177704213764833,1.0,1.0040102436014275e-08,0.02365097909992475,4.5348181343017264e-07,0.08300789821844443,1.0
aflfast,1.0,-1.0,0.0335997968911381,1.0,1.4056362099819294e-15,0.00043314584258835316,1.0962099834788986e-12,0.004191477508165621,1.0
aflplusplus,0.30177704213764833,0.0335997968911381,-1.0,0.024698096130363317,7.919666693160212e-07,1.0,6.550962429504914e-05,1.0,0.00028145738004627184
aflsmart,1.0,1.0,0.024698096130363317,-1.0,1.250480991942829e-15,0.0002997773718814526,8.8285012686449e-13,0.0029591830197447265,1.0
entropic,1.0040102436014275e-08,1.4056362099819294e-15,7.919666693160212e-07,1.250480991942829e-15,-1.0,0.0005566626228034493,1.0,2.827201383136184e-05,2.1213617004376454e-21
fairfuzz,0.02365097909992475,0.00043314584258835316,1.0,0.0002997773718814526,0.0005566626228034493,-1.0,0.013326442981795946,1.0,5.094936398851183e-07
honggfuzz,4.5348181343017264e-07,1.0962099834788986e-12,6.550962429504914e-05,8.8285012686449e-13,1.0,0.013326442981795946,-1.0,0.0011430141209074357,6.414822648074857e-18
libfuzzer,0.08300789821844443,0.004191477508165621,1.0,0.0029591830197447265,2.827201383136184e-05,1.0,0.0011430141209074357,-1.0,1.2319704905088612e-05
mopt,1.0,1.0,0.00028145738004627184,1.0,2.1213617004376454e-21,5.094936398851183e-07,6.414822648074857e-18,1.2319704905088612e-05,-1.0
