,afl,aflfast,aflplusplus,aflsmart,entropic,fairfuzz,honggfuzz,libfuzzer,mopt
afl,-1.0,1.0,1.0,1.0,1.1069123713358495e-20,0.004356621455635985,3.791325943042292e-12,0.0001455573919510322,1.0
aflfast,1.0,-1.0,1.0,1.0,3.4305597855065505e-21,0.004356621455635985,1.7274754927882214e-12,0.00012865327364410076,1.0
aflplusplus,1.0,1.0,-1.0,1.0,9.966558002312446e-25,0.00040624128069295754,1.3361690705984651e-15,1.2934888744035715e-06,1.0
aflsmart,1.0,1.0,1.0,-1.0,3.5356159062888036e-19,0.018798041716526305,9.582783266374889e-11,0.0013611194210488614,1.0
entropic,1.1069123713358495e-20,3.4305597855065505e-21,9.966558002312446e-25,3.5356159062888036e-19,-1.0,4.777624880642021e-06,0.0006589031420771465,1.944059677062299e-15,5.1959375400435414e-24
fairfuzz,0.004356621455635985,0.004356621455635985,0.00040624128069295754,0.018798041716526305,4.777624880642021e-06,-1.0,0.16711378208039376,1.0,0.0003452361726434139
honggfuzz,3.791325943042292e-12,1.7274754927882214e-12,1.3361690705984651e-15,9.582783266374889e-11,0.0006589031420771465,0.16711378208039376,-1.0,3.921172941438198e-06,4.23665119728471e-15
libfuzzer,0.0001455573919510322,0.00012865327364410076,1.2934888744035715e-06,0.0013611194210488614,1.944059677062299e-15,1.0,3.921172941438198e-06,-1.0,1.575604356388688e-06
mopt,1.0,1.0,1.0,1.0,5.1959375400435414e-24,0.0003452361726434139,4.23665119728471e-15,1.575604356388688e-06,-1.0
