,afl,aflfast,aflplusplus,aflsmart,entropic,fairfuzz,honggfuzz,libfuzzer,mopt
afl,-1.0,1.0,1.0,1.0,0.0025691771033879035,0.9918801637210078,0.003920561717385357,0.0025691771033879035,1.0
aflfast,1.0,-1.0,1.0,1.0,0.030859876776667353,1.0,0.0021291372662835552,0.030859876776667353,1.0
aflplusplus,1.0,1.0,-1.0,1.0,1.5470828411170014e-05,0.059902833729830615,0.20776817239244194,1.5470828411170014e-05,1.0
aflsmart,1.0,1.0,1.0,-1.0,0.0035680256861738086,1.0,0.00404493041391912,0.0035680256861738086,1.0
entropic,0.0025691771033879035,0.030859876776667353,1.5470828411170014e-05,0.0035680256861738086,-1.0,1.0,3.698437298016154e-12,1.0,0.0007252384954253298
fairfuzz,0.9918801637210078,1.0,0.059902833729830615,1.0,1.0,-1.0,5.506547256834265e-06,1.0,0.4383406966369688
honggfuzz,0.003920561717385357,0.0021291372662835552,0.20776817239244194,0.00404493041391912,3.698437298016154e-12,5.506547256834265e-06,-1.0,3.698437298016154e-12,0.029447992421739764
libfuzzer,0.0025691771033879035,0.030859876776667353,1.5470828411170014e-05,0.0035680256861738086,1.0,1.0,3.698437298016154e-12,-1.0,0.0007252384954253298
mopt,1.0,1.0,1.0,1.0,0.0007252384954253298,0.4383406966369688,0.029447992421739764,0.0007252384954253298,-1.0
