,afl,aflfast,aflplusplus,aflsmart,entropic,fairfuzz,honggfuzz,libfuzzer,mopt
afl,-1.0,1.0,0.04491886571005752,1.0,7.22944828121442e-07,0.033407253448127505,0.024990257586104004,3.792326245482107e-07,1.0
aflfast,1.0,-1.0,0.20928539220777553,1.0,9.998032862365562e-05,0.20928539220777553,0.01351325344722283,7.039426768084712e-05,1.0
aflplusplus,0.04491886571005752,0.20928539220777553,-1.0,0.20928539220777553,0.1687702060374924,1.0,1.7073725055544116e-08,0.1602106448392523,0.014732015400324283
aflsmart,1.0,1.0,0.20928539220777553,-1.0,5.1539131630195603e-05,0.20647485678185293,0.007363128096755879,3.405937182601079e-05,1.0
entropic,7.22944828121442e-07,9.998032862365562e-05,0.1687702060374924,5.1539131630195603e-05,-1.0,0.20928539220777553,7.434360421666288e-17,1.0,1.6364929928337899e-07
fairfuzz,0.033407253448127505,0.20928539220777553,1.0,0.20647485678185293,0.20928539220777553,-1.0,1.1203891843555682e-08,0.20647485678185293,0.011236034854575822
honggfuzz,0.024990257586104004,0.01351325344722283,1.7073725055544116e-08,0.007363128096755879,7.434360421666288e-17,1.1203891843555682e-08,-1.0,1.4323615782582777e-17,0.1602106448392523
libfuzzer,3.792326245482107e-07,7.039426768084712e-05,0.1602106448392523,3.405937182601079e-05,1.0,0.20647485678185293,1.4323615782582777e-17,-1.0,8.517071076663881e-08
mopt,1.0,1.0,0.014732015400324283,1.0,1.6364929928337899e-07,0.011236034854575822,0.1602106448392523,8.517071076663881e-08,-1.0
