,afl,aflfast,aflplusplus,aflsmart,entropic,fairfuzz,honggfuzz,libfuzzer,mopt
afl,-1.0,1.0,3.15329237028976e-10,1.0,0.0031807938751462666,2.332699672071627e-06,0.04125531952541259,1.1181589454272372e-07,1.0
aflfast,1.0,-1.0,5.255689735722888e-12,1.0,0.0006082571192826463,1.282252694479468e-07,0.013272621362249501,4.5341496151217475e-09,1.0
aflplusplus,3.15329237028976e-10,5.255689735722888e-12,-1.0,2.5916365536468264e-10,0.022638789106556464,0.908729527786658,0.0007372673845825858,1.0,6.806498319618785e-10
aflsmart,1.0,1.0,2.5916365536468264e-10,-1.0,0.0050821603105355604,2.8065606902775433e-06,0.06725766674203121,1.227161089160467e-07,1.0
entropic,0.0031807938751462666,0.0006082571192826463,0.022638789106556464,0.0050821603105355604,-1.0,1.0,1.0,0.2619463000541143,0.011949044864899274
fairfuzz,2.332699672071627e-06,1.282252694479468e-07,0.908729527786658,2.8065606902775433e-06,1.0,-1.0,0.15733468480232166,1.0,7.628967922933775e-06
honggfuzz,0.04125531952541259,0.013272621362249501,0.0007372673845825858,0.06725766674203121,1.0,0.15733468480232166,-1.0,0.023388755533585836,0.139022599921025
libfuzzer,1.1181589454272372e-07,4.5341496151217475e-09,1.0,1.227161089160467e-07,0.2619463000541143,1.0,0.023388755533585836,-1.0,3.252100521858652e-07
mopt,1.0,1.0,6.806498319618785e-10,1.0,0.011949044864899274,7.628967922933775e-06,0.139022599921025,3.252100521858652e-07,-1.0
