,afl,aflfast,aflplusplus,aflsmart,entropic,fairfuzz,honggfuzz,libfuzzer,mopt
afl,-1.0,1.0,3.3420310853821273e-19,1.0,1.9751120594193188e-10,4.964569523915025e-11,0.2457701101508433,6.882184734914526e-21,1.0
aflfast,1.0,-1.0,4.265143669387852e-22,1.0,1.838732855356005e-13,3.1409803417511024e-13,0.04227328163709318,1.6149903353064732e-24,0.9916638144207023
aflplusplus,3.3420310853821273e-19,4.265143669387852e-22,-1.0,3.6987862941319233e-19,2.0382037910311426e-06,0.44853634314395047,3.18284677954298e-09,1.0,7.697227260540124e-17
aflsmart,1.0,1.0,3.6987862941319233e-19,-1.0,2.1847404363678942e-10,4.964569523915025e-11,0.24515143399240522,9.408113545656107e-21,1.0
entropic,1.9751120594193188e-10,1.838732855356005e-13,2.0382037910311426e-06,2.1847404363678942e-10,-1.0,0.11834820998812302,0.030771871104026148,3.7019199322162174e-06,4.0558124440072134e-08
fairfuzz,4.964569523915025e-11,3.1409803417511024e-13,0.44853634314395047,4.964569523915025e-11,0.11834820998812302,-1.0,0.00021388403782688408,1.0,3.18284677954298e-09
honggfuzz,0.2457701101508433,0.04227328163709318,3.18284677954298e-09,0.24515143399240522,0.030771871104026148,0.00021388403782688408,-1.0,1.303874024615723e-08,0.9916638144207023
libfuzzer,6.882184734914526e-21,1.6149903353064732e-24,1.0,9.408113545656107e-21,3.7019199322162174e-06,1.0,1.303874024615723e-08,-1.0,4.248175522498904e-18
mopt,1.0,0.9916638144207023,7.697227260540124e-17,1.0,4.0558124440072134e-08,3.18284677954298e-09,0.9916638144207023,4.248175522498904e-18,-1.0
