,afl,aflfast,aflplusplus,aflsmart,entropic,fairfuzz,honggfuzz,libfuzzer,mopt
afl,-1.0,1.0,0.4412989337885004,1.0,0.3434995730126122,1.0,0.9715351797469489,0.36741538263394835,1.0
aflfast,1.0,-1.0,1.0,1.0,1.0,1.0,1.0,1.0,1.0
aflplusplus,0.4412989337885004,1.0,-1.0,1.0,1.0,1.0,1.0,1.0,0.013893706343437482
aflsmart,1.0,1.0,1.0,-1.0,1.0,1.0,1.0,1.0,1.0
entropic,0.3434995730126122,1.0,1.0,1.0,-1.0,1.0,1.0,1.0,0.008006034932081308
fairfuzz,1.0,1.0,1.0,1.0,1.0,-1.0,1.0,1.0,1.0
honggfuzz,0.9715351797469489,1.0,1.0,1.0,1.0,1.0,-1.0,1.0,0.03515297818294824
libfuzzer,0.36741538263394835,1.0,1.0,1.0,1.0,1.0,1.0,-1.0,0.009423751362867827
mopt,1.0,1.0,0.013893706343437482,1.0,0.008006034932081308,1.0,0.03515297818294824,0.009423751362867827,-1.0
