,afl,aflfast,aflplusplus,aflsmart,entropic,fairfuzz,honggfuzz,libfuzzer,mopt
afl,-1.0,0.01687244720506396,0.06612973683887924,0.004450660192958169,1.9974903603050544e-06,0.0009833154720022444,0.08379900246249831,1.848684922841138e-06,0.0002734488343337718
aflfast,0.01687244720506396,-1.0,1.0,1.0,0.4221532004610865,1.0,1.0,0.41401918965441753,1.0
aflplusplus,0.06612973683887924,1.0,-1.0,1.0,0.0820146065156367,1.0,1.0,0.07896494598317018,1.0
aflsmart,0.004450660192958169,1.0,1.0,-1.0,0.8756134326017186,1.0,1.0,0.8668077340165334,1.0
entropic,1.9974903603050544e-06,0.4221532004610865,0.0820146065156367,0.8756134326017186,-1.0,1.0,0.05909921755782781,1.0,1.0
fairfuzz,0.0009833154720022444,1.0,1.0,1.0,1.0,-1.0,1.0,1.0,1.0
honggfuzz,0.08379900246249831,1.0,1.0,1.0,0.05909921755782781,1.0,-1.0,0.05652138649043079,1.0
libfuzzer,1.848684922841138e-06,0.41401918965441753,0.07896494598317018,0.8668077340165334,1.0,1.0,0.05652138649043079,-1.0,1.0
mopt,0.0002734488343337718,1.0,1.0,1.0,1.0,1.0,1.0,1.0,-1.0
