,afl,aflfast,aflplusplus,aflsmart,entropic,fairfuzz,honggfuzz,libfuzzer,mopt
afl,-1.0,0.9346958464163393,0.16263103030921447,0.7189776930096656,2.8828997183122942e-11,0.009050127001296147,0.0029142929060892962,2.84272742242585e-07,0.08781328945479808
aflfast,0.9346958464163393,-1.0,0.03192908519784608,0.9346958464163393,1.0474680421578468e-10,0.028876444484069442,0.0002124242475173658,1.1357824836390994e-06,0.18212834218380133
aflplusplus,0.16263103030921447,0.03192908519784608,-1.0,0.0005456970739661508,3.4333687851487444e-21,9.330488251046841e-08,0.7189776930096656,5.3306387257114313e-17,3.684651587428736e-06
aflsmart,0.7189776930096656,0.9346958464163393,0.0005456970739661508,-1.0,1.6006608923392237e-07,0.3578532220419464,1.1357824836390994e-06,0.0006204105553744885,0.9346958464163393
entropic,2.8828997183122942e-11,1.0474680421578468e-10,3.4333687851487444e-21,1.6006608923392237e-07,-1.0,0.007070462486070838,5.9364567126795715e-25,0.16263103030921447,0.00015163782666536505
fairfuzz,0.009050127001296147,0.028876444484069442,9.330488251046841e-08,0.3578532220419464,0.007070462486070838,-1.0,7.156545630049168e-11,0.7189776930096656,0.9346958464163393
honggfuzz,0.0029142929060892962,0.0002124242475173658,0.7189776930096656,1.1357824836390994e-06,5.9364567126795715e-25,7.156545630049168e-11,-1.0,8.825480339420485e-21,4.234412920486934e-09
libfuzzer,2.84272742242585e-07,1.1357824836390994e-06,5.3306387257114313e-17,0.0006204105553744885,0.16263103030921447,0.7189776930096656,8.825480339420485e-21,-1.0,0.08923103742204472
mopt,0.08781328945479808,0.18212834218380133,3.684651587428736e-06,0.9346958464163393,0.00015163782666536505,0.9346958464163393,4.234412920486934e-09,0.08923103742204472,-1.0
