,afl,aflfast,aflplusplus,aflsmart,entropic,fairfuzz,honggfuzz,libfuzzer,mopt
afl,-1.0,1.0,0.002253195886158064,1.0,1.547336030409075e-08,1.0,2.1821119771927276e-08,3.581719427966975e-06,1.0
aflfast,1.0,-1.0,0.00034493905713214217,1.0,6.77094318101472e-10,1.0,9.43561683602209e-10,2.3023699328360122e-07,1.0
aflplusplus,0.002253195886158064,0.00034493905713214217,-1.0,0.0004274977403173678,0.21924244929995965,0.0005364700283732221,0.27885465566806505,1.0,0.0007342391136969772
aflsmart,1.0,1.0,0.0004274977403173678,-1.0,1.1723299344643766e-09,1.0,1.6421622441124185e-09,3.547169943375178e-07,1.0
entropic,1.547336030409075e-08,6.77094318101472e-10,0.21924244929995965,1.1723299344643766e-09,-1.0,2.0948153695612087e-09,1.0,1.0,2.2974363827604745e-09
fairfuzz,1.0,1.0,0.0005364700283732221,1.0,2.0948153695612087e-09,-1.0,2.852198144050377e-09,5.599278724907953e-07,1.0
honggfuzz,2.1821119771927276e-08,9.43561683602209e-10,0.27885465566806505,1.6421622441124185e-09,1.0,2.852198144050377e-09,-1.0,1.0,3.1053895748488613e-09
libfuzzer,3.581719427966975e-06,2.3023699328360122e-07,1.0,3.547169943375178e-07,1.0,5.599278724907953e-07,1.0,-1.0,6.838677456502278e-07
mopt,1.0,1.0,0.0007342391136969772,1.0,2.2974363827604745e-09,1.0,3.1053895748488613e-09,6.838677456502278e-07,-1.0
