,afl,aflfast,aflplusplus,aflsmart,entropic,fairfuzz,honggfuzz,libfuzzer,mopt
afl,-1.0,1.0,1.0,1.0,2.0292587344017734e-10,1.0,5.0622067823017386e-08,0.000251397752641867,1.0
aflfast,1.0,-1.0,1.0,1.0,1.8506535153262617e-12,1.0,3.518554104606932e-09,4.287644878324027e-05,1.0
aflplusplus,1.0,1.0,-1.0,1.0,1.142957398789382e-09,1.0,3.623111824217399e-07,0.0017359943110687754,1.0
aflsmart,1.0,1.0,1.0,-1.0,1.754470174723933e-11,1.0,1.213567005198593e-08,9.787737383685283e-05,1.0
entropic,2.0292587344017734e-10,1.8506535153262617e-12,1.142957398789382e-09,1.754470174723933e-11,-1.0,8.22516425026275e-12,1.0,0.01629384956022672,9.132069505671407e-13
fairfuzz,1.0,1.0,1.0,1.0,8.22516425026275e-12,-1.0,8.003769339690557e-09,7.49505042063297e-05,1.0
honggfuzz,5.0622067823017386e-08,3.518554104606932e-09,3.623111824217399e-07,1.213567005198593e-08,1.0,8.003769339690557e-09,-1.0,0.16406663246272948,2.425173078005733e-09
libfuzzer,0.000251397752641867,4.287644878324027e-05,0.0017359943110687754,9.787737383685283e-05,0.01629384956022672,7.49505042063297e-05,0.16406663246272948,-1.0,3.3471965742384146e-05
mopt,1.0,1.0,1.0,1.0,9.132069505671407e-13,1.0,2.425173078005733e-09,3.3471965742384146e-05,-1.0
