,afl,aflfast,aflplusplus,aflsmart,entropic,fairfuzz,honggfuzz,libfuzzer,mopt
afl,-1.0,1.0,1.0,0.7989184970424006,1.0,1.0,1.0,1.0,1.0
aflfast,1.0,-1.0,1.0,1.0,1.0,1.0,1.0,1.0,1.0
aflplusplus,1.0,1.0,-1.0,1.0,1.0,1.0,1.0,1.0,1.0
aflsmart,0.7989184970424006,1.0,1.0,-1.0,0.023355851830448495,0.023355851830448495,0.026619407703526842,0.026619407703526842,1.0
entropic,1.0,1.0,1.0,0.023355851830448495,-1.0,1.0,1.0,1.0,0.0800339811033809
fairfuzz,1.0,1.0,1.0,0.023355851830448495,1.0,-1.0,1.0,1.0,0.0800339811033809
honggfuzz,1.0,1.0,1.0,0.026619407703526842,1.0,1.0,-1.0,1.0,0.08585035465651218
libfuzzer,1.0,1.0,1.0,0.026619407703526842,1.0,1.0,1.0,-1.0,0.08585035465651218
mopt,1.0,1.0,1.0,1.0,0.0800339811033809,0.0800339811033809,0.08585035465651218,0.08585035465651218,-1.0
