,afl,aflfast,aflplusplus,aflsmart,entropic,fairfuzz,honggfuzz,libfuzzer,mopt
afl,-1.0,1.0,1.0,1.0,1.0,1.0,1.0,1.0,0.0469701934307861
aflfast,1.0,-1.0,1.0,1.0,1.0,1.0,1.0,1.0,0.07326576006897487
aflplusplus,1.0,1.0,-1.0,1.0,1.0,1.0,1.0,1.0,0.7935092663285118
aflsmart,1.0,1.0,1.0,-1.0,0.07887768344002558,0.06824613001619975,0.06374148983082875,0.054274035667748265,1.0
entropic,1.0,1.0,1.0,0.07887768344002558,-1.0,1.0,1.0,1.0,0.0006229867563761122
fairfuzz,1.0,1.0,1.0,0.06824613001619975,1.0,-1.0,1.0,1.0,0.0004336879286001245
honggfuzz,1.0,1.0,1.0,0.06374148983082875,1.0,1.0,-1.0,1.0,0.0003712308961720557
libfuzzer,1.0,1.0,1.0,0.054274035667748265,1.0,1.0,1.0,-1.0,0.00026958786097327917
mopt,0.0469701934307861,0.07326576006897487,0.7935092663285118,1.0,0.0006229867563761122,0.0004336879286001245,0.0003712308961720557,0.00026958786097327917,-1.0
