,afl,aflfast,aflplusplus,aflsmart,entropic,fairfuzz,honggfuzz,libfuzzer,mopt
afl,-1.0,1.0,1.5451760329920472e-07,1.0,1.9188180464363426e-07,1.0,1.0,1.9188180464363426e-07,1.0
aflfast,1.0,-1.0,5.0493959882262357e-08,1.0,6.182974639396344e-08,1.0,1.0,6.182974639396344e-08,1.0
aflplusplus,1.5451760329920472e-07,5.0493959882262357e-08,-1.0,1.377730879499075e-08,1.0,3.5208288519330484e-08,3.5208288519330484e-08,1.0,6.907772646375069e-07
aflsmart,1.0,1.0,1.377730879499075e-08,-1.0,1.650378159905256e-08,1.0,1.0,1.650378159905256e-08,1.0
entropic,1.9188180464363426e-07,6.182974639396344e-08,1.0,1.650378159905256e-08,-1.0,4.163009155345579e-08,4.163009155345579e-08,1.0,8.585403416524562e-07
fairfuzz,1.0,1.0,3.5208288519330484e-08,1.0,4.163009155345579e-08,-1.0,1.0,4.163009155345579e-08,1.0
honggfuzz,1.0,1.0,3.5208288519330484e-08,1.0,4.163009155345579e-08,1.0,-1.0,4.163009155345579e-08,1.0
libfuzzer,1.9188180464363426e-07,6.182974639396344e-08,1.0,1.650378159905256e-08,1.0,4.163009155345579e-08,4.163009155345579e-08,-1.0,8.585403416524562e-07
mopt,1.0,1.0,6.907772646375069e-07,1.0,8.585403416524562e-07,1.0,1.0,8.585403416524562e-07,-1.0
