,afl,aflfast,aflplusplus,aflsmart,entropic,fairfuzz,honggfuzz,libfuzzer,mopt
afl,-1.0,1.0,0.8494545150345693,1.0,0.0022515479471469798,1.0,4.7898945095881175e-05,0.04149054705053424,1.0
aflfast,1.0,-1.0,0.31156551831109497,1.0,0.02799325442352346,0.36451382802359855,0.0009486105654213304,0.26607684533019144,1.0
aflplusplus,0.8494545150345693,0.31156551831109497,-1.0,0.3186868824662981,5.302893791873104e-07,1.0,3.80632242035372e-09,4.9255941963225975e-05,0.36451382802359855
aflsmart,1.0,1.0,0.3186868824662981,-1.0,0.014529921675578109,0.36451382802359855,0.00039771660534538406,0.1765274394129585,1.0
entropic,0.0022515479471469798,0.02799325442352346,5.302893791873104e-07,0.014529921675578109,-1.0,5.302893791873104e-07,1.0,1.0,0.01437610484818052
fairfuzz,1.0,0.36451382802359855,1.0,0.36451382802359855,5.302893791873104e-07,-1.0,3.4562296529063823e-09,5.5519769142351366e-05,0.40434772724975465
honggfuzz,4.7898945095881175e-05,0.0009486105654213304,3.80632242035372e-09,0.00039771660534538406,1.0,3.4562296529063823e-09,-1.0,1.0,0.00039771660534538406
libfuzzer,0.04149054705053424,0.26607684533019144,4.9255941963225975e-05,0.1765274394129585,1.0,5.5519769142351366e-05,1.0,-1.0,0.1718760713867431
mopt,1.0,1.0,0.36451382802359855,1.0,0.01437610484818052,0.40434772724975465,0.00039771660534538406,0.1718760713867431,-1.0
