,afl,aflfast,aflplusplus,aflsmart,entropic,fairfuzz,honggfuzz,libfuzzer,mopt
afl,-1.0,1.0,0.007568755628347013,1.0,0.06357437745961451,0.007610641703163511,0.0037741247373249,0.715186045873068,1.0
aflfast,1.0,-1.0,0.013602719108217908,1.0,0.0373033882055422,0.013848744367547962,0.0017513066261861821,0.5357008643968924,1.0
aflplusplus,0.007568755628347013,0.013602719108217908,-1.0,0.010805827870744755,3.961286093627949e-09,1.0,5.817531767046356e-12,3.0435841254538054e-06,0.019171424074491947
aflsmart,1.0,1.0,0.010805827870744755,-1.0,0.04672777408622011,0.010955379200076621,0.0024316689002693063,0.603350764500029,1.0
entropic,0.06357437745961451,0.0373033882055422,3.961286093627949e-09,0.04672777408622011,-1.0,2.522484150960763e-09,1.0,1.0,0.01955988170816253
fairfuzz,0.007610641703163511,0.013848744367547962,1.0,0.010955379200076621,2.522484150960763e-09,-1.0,2.7988006601534184e-12,2.614115371534955e-06,0.01955988170816253
honggfuzz,0.0037741247373249,0.0017513066261861821,5.817531767046356e-12,0.0024316689002693063,1.0,2.7988006601534184e-12,-1.0,0.715186045873068,0.0006736563112531388
libfuzzer,0.715186045873068,0.5357008643968924,3.0435841254538054e-06,0.603350764500029,1.0,2.614115371534955e-06,0.715186045873068,-1.0,0.3569862210921336
mopt,1.0,1.0,0.019171424074491947,1.0,0.01955988170816253,0.01955988170816253,0.0006736563112531388,0.3569862210921336,-1.0
