,afl,aflfast,aflplusplus,aflsmart,entropic,fairfuzz,honggfuzz,libfuzzer,mopt
afl,-1.0,1.0,5.1404563304484316e-08,1.0,0.2036868611662074,1.0,1.0,1.0,1.0
aflfast,1.0,-1.0,5.0626733516056e-05,1.0,1.0,1.0,1.0,1.0,1.0
aflplusplus,5.1404563304484316e-08,5.0626733516056e-05,-1.0,7.930119560973052e-07,0.01009784756372497,1.0219042268123378e-06,5.885236068062314e-09,5.885236068062314e-09,0.00038474652387242856
aflsmart,1.0,1.0,7.930119560973052e-07,-1.0,0.6512771528060652,1.0,1.0,1.0,1.0
entropic,0.2036868611662074,1.0,0.01009784756372497,0.6512771528060652,-1.0,0.8995264767153415,0.041904341799885995,0.041904341799885995,1.0
fairfuzz,1.0,1.0,1.0219042268123378e-06,1.0,0.8995264767153415,-1.0,1.0,1.0,1.0
honggfuzz,1.0,1.0,5.885236068062314e-09,1.0,0.041904341799885995,1.0,-1.0,1.0,0.8995264767153415
libfuzzer,1.0,1.0,5.885236068062314e-09,1.0,0.041904341799885995,1.0,1.0,-1.0,0.8995264767153415
mopt,1.0,1.0,0.00038474652387242856,1.0,1.0,1.0,0.8995264767153415,0.8995264767153415,-1.0
