,afl,aflfast,aflplusplus,aflsmart,entropic,fairfuzz,honggfuzz,libfuzzer,mopt
afl,-1.0,1.0,0.01730437562026789,1.0,0.5838267466567127,0.32341279656827576,0.36278355789912897,0.1303947645780987,1.0
aflfast,1.0,-1.0,0.012959428382792631,1.0,0.5838267466567127,0.30313157984575534,0.2836451819805486,0.07453051596539763,1.0
aflplusplus,0.01730437562026789,0.012959428382792631,-1.0,0.009647476185645222,1.0,1.0,1.3188811316925718e-07,2.9760910509816406e-09,2.0978341283025523e-05
aflsmart,1.0,1.0,0.009647476185645222,-1.0,0.512105211540379,0.2635548636744884,0.32341279656827576,0.09490420792729268,1.0
entropic,0.5838267466567127,0.5838267466567127,1.0,0.512105211540379,-1.0,1.0,0.0004917810063733754,4.552633441203925e-05,0.014436843348299718
fairfuzz,0.32341279656827576,0.30313157984575534,1.0,0.2635548636744884,1.0,-1.0,5.0539577645336605e-05,2.912212729302035e-06,0.0028674678086033525
honggfuzz,0.36278355789912897,0.2836451819805486,1.3188811316925718e-07,0.32341279656827576,0.0004917810063733754,5.0539577645336605e-05,-1.0,1.0,1.0
libfuzzer,0.1303947645780987,0.07453051596539763,2.9760910509816406e-09,0.09490420792729268,4.552633441203925e-05,2.912212729302035e-06,1.0,-1.0,1.0
mopt,1.0,1.0,2.0978341283025523e-05,1.0,0.014436843348299718,0.0028674678086033525,1.0,1.0,-1.0
