,afl,aflfast,aflplusplus,aflsmart,entropic,fairfuzz,honggfuzz,libfuzzer,mopt
afl,-1.0,1.0,1.3680622995228994e-07,1.0,0.12706433604617015,0.12164802007170204,1.0,1.0,1.0
aflfast,1.0,-1.0,0.001740116427593859,1.0,1.0,1.0,1.0,0.5134698218282457,1.0
aflplusplus,1.3680622995228994e-07,0.001740116427593859,-1.0,1.5021352440968827e-06,0.03146722114256999,0.04001730852064102,7.1817461258137205e-06,2.4832324631254157e-08,0.000637777752255603
aflsmart,1.0,1.0,1.5021352440968827e-06,-1.0,0.363136886775808,0.3475586505737854,1.0,1.0,1.0
entropic,0.12706433604617015,1.0,0.03146722114256999,0.363136886775808,-1.0,1.0,0.5406334728894434,0.034368734231428166,1.0
fairfuzz,0.12164802007170204,1.0,0.04001730852064102,0.3475586505737854,1.0,-1.0,0.5207770188100656,0.032935312811642074,1.0
honggfuzz,1.0,1.0,7.1817461258137205e-06,1.0,0.5406334728894434,0.5207770188100656,-1.0,1.0,1.0
libfuzzer,1.0,0.5134698218282457,2.4832324631254157e-08,1.0,0.034368734231428166,0.032935312811642074,1.0,-1.0,0.9817542521471837
mopt,1.0,1.0,0.000637777752255603,1.0,1.0,1.0,1.0,0.9817542521471837,-1.0
