,afl,aflfast,aflplusplus,aflsmart,entropic,fairfuzz,honggfuzz,libfuzzer,mopt
afl,-1.0,1.0,5.201060434490898e-08,1.0,0.24028360136459043,0.09213703796345181,1.0,0.2061259529496111,1.0
aflfast,1.0,-1.0,4.7970654576813444e-05,1.0,1.0,1.0,0.10203153433076163,0.002586130796036786,1.0
aflplusplus,5.201060434490898e-08,4.7970654576813444e-05,-1.0,6.986061625420774e-07,0.008191289442324202,0.025104561021946047,2.529177405719621e-12,1.8753876282178732e-16,2.960921181294104e-08
aflsmart,1.0,1.0,6.986061625420774e-07,-1.0,0.6443086581947345,0.2754169396679832,0.6167113497241381,0.045639129676148124,1.0
entropic,0.24028360136459043,1.0,0.008191289442324202,0.6443086581947345,-1.0,1.0,0.002395885851528599,1.5497610403835463e-05,0.20572073832656304
fairfuzz,0.09213703796345181,1.0,0.025104561021946047,0.2754169396679832,1.0,-1.0,0.00041519018158293696,1.519703626389046e-06,0.07114705148424315
honggfuzz,1.0,0.10203153433076163,2.529177405719621e-12,0.6167113497241381,0.002395885851528599,0.00041519018158293696,-1.0,1.0,1.0
libfuzzer,0.2061259529496111,0.002586130796036786,1.8753876282178732e-16,0.045639129676148124,1.5497610403835463e-05,1.519703626389046e-06,1.0,-1.0,0.24028360136459043
mopt,1.0,1.0,2.960921181294104e-08,1.0,0.20572073832656304,0.07114705148424315,1.0,0.24028360136459043,-1.0
