,afl,aflfast,aflplusplus,aflsmart,entropic,fairfuzz,honggfuzz,libfuzzer,mopt
afl,-1.0,1.0,0.007999812074132914,1.0,1.0,1.0,0.20954249780400314,0.03760759348746358,1.0
aflfast,1.0,-1.0,0.002906182339662968,1.0,1.0,0.8068429927091526,0.204090836046325,0.031730157710321935,1.0
aflplusplus,0.007999812074132914,0.002906182339662968,-1.0,0.007210536399095014,0.7459074964435581,1.0,5.335156803643325e-09,3.0467970039321165e-11,3.3836459860140856e-06
aflsmart,1.0,1.0,0.007210536399095014,-1.0,1.0,1.0,0.1070352170092781,0.014590783529948437,1.0
entropic,1.0,1.0,0.7459074964435581,1.0,-1.0,1.0,0.002009599216463785,0.00012449279860507026,0.0636070757307331
fairfuzz,1.0,0.8068429927091526,1.0,1.0,1.0,-1.0,0.00022357950000819038,7.6548877190975e-06,0.015254592499833216
honggfuzz,0.20954249780400314,0.204090836046325,5.335156803643325e-09,0.1070352170092781,0.002009599216463785,0.00022357950000819038,-1.0,1.0,1.0
libfuzzer,0.03760759348746358,0.031730157710321935,3.0467970039321165e-11,0.014590783529948437,0.00012449279860507026,7.6548877190975e-06,1.0,-1.0,1.0
mopt,1.0,1.0,3.3836459860140856e-06,1.0,0.0636070757307331,0.015254592499833216,1.0,1.0,-1.0
