,afl,aflfast,aflplusplus,aflsmart,entropic,fairfuzz,honggfuzz,libfuzzer,mopt
afl,-1.0,0.28615958558712984,0.28615958558712984,1.0,0.19494356641980976,0.28615958558712984,0.9708755188711444,0.5581847138263141,1.0
aflfast,0.28615958558712984,-1.0,1.0,1.0,1.0,1.0,0.00011513234951445356,1.0,1.0
aflplusplus,0.28615958558712984,1.0,-1.0,1.0,1.0,1.0,0.00011513234951445356,1.0,1.0
aflsmart,1.0,1.0,1.0,-1.0,1.0,1.0,0.001646550886947623,1.0,1.0
entropic,0.19494356641980976,1.0,1.0,1.0,-1.0,1.0,4.3898176800255716e-05,1.0,1.0
fairfuzz,0.28615958558712984,1.0,1.0,1.0,1.0,-1.0,0.00011513234951445356,1.0,1.0
honggfuzz,0.9708755188711444,0.00011513234951445356,0.00011513234951445356,0.001646550886947623,4.3898176800255716e-05,0.00011513234951445356,-1.0,0.00031454451267208094,0.003975719681992655
libfuzzer,0.5581847138263141,1.0,1.0,1.0,1.0,1.0,0.00031454451267208094,-1.0,1.0
mopt,1.0,1.0,1.0,1.0,1.0,1.0,0.003975719681992655,1.0,-1.0
