,afl,aflfast,aflplusplus,aflsmart,entropic,fairfuzz,honggfuzz,libfuzzer,mopt
afl,-1.0,1.0,1.0,1.0,1.0,1.0,1.7482376728175836e-08,1.0,1.0
aflfast,1.0,-1.0,1.0,1.0,1.0,1.0,6.763255217818191e-10,1.0,1.0
aflplusplus,1.0,1.0,-1.0,1.0,1.0,1.0,2.6487525764306768e-05,1.0,1.0
aflsmart,1.0,1.0,1.0,-1.0,1.0,1.0,2.9457634194496254e-09,1.0,1.0
entropic,1.0,1.0,1.0,1.0,-1.0,1.0,9.666448969465828e-08,1.0,1.0
fairfuzz,1.0,1.0,1.0,1.0,1.0,-1.0,1.600087751208745e-10,1.0,1.0
honggfuzz,1.7482376728175836e-08,6.763255217818191e-10,2.6487525764306768e-05,2.9457634194496254e-09,9.666448969465828e-08,1.600087751208745e-10,-1.0,3.371174650713566e-06,1.9569751600058252e-06
libfuzzer,1.0,1.0,1.0,1.0,1.0,1.0,3.371174650713566e-06,-1.0,1.0
mopt,1.0,1.0,1.0,1.0,1.0,1.0,1.9569751600058252e-06,1.0,-1.0
