,afl,aflfast,aflplusplus,aflsmart,entropic,fairfuzz,honggfuzz,libfuzzer,mopt
afl,-1.0,1.0,0.045829042873559635,1.0,3.4106693012441837e-10,0.0002605370681402441,1.0,2.1215440048790507e-06,1.0
aflfast,1.0,-1.0,0.4942478705759581,1.0,3.937812972940134e-08,0.006746839027244225,1.0,0.00014544872867603003,1.0
aflplusplus,0.045829042873559635,0.4942478705759581,-1.0,0.004047717483550493,0.010971968006202055,1.0,0.21098699995834952,0.7712036258514542,0.22034009930181833
aflsmart,1.0,1.0,0.004047717483550493,-1.0,5.3257878181620546e-14,5.34368072674658e-06,1.0,2.576661595664687e-09,1.0
entropic,3.4106693012441837e-10,3.937812972940134e-08,0.010971968006202055,5.3257878181620546e-14,-1.0,0.7388936172954232,5.0209336280501175e-09,0.7148946336593144,6.3078345248898625e-09
fairfuzz,0.0002605370681402441,0.006746839027244225,1.0,5.34368072674658e-06,0.7388936172954232,-1.0,0.0019591453639604,1.0,0.0021763893612170597
honggfuzz,1.0,1.0,0.21098699995834952,1.0,5.0209336280501175e-09,0.0019591453639604,-1.0,2.513222928247668e-05,1.0
libfuzzer,2.1215440048790507e-06,0.00014544872867603003,0.7712036258514542,2.576661595664687e-09,0.7148946336593144,1.0,2.513222928247668e-05,-1.0,2.9933347247209868e-05
mopt,1.0,1.0,0.22034009930181833,1.0,6.3078345248898625e-09,0.0021763893612170597,1.0,2.9933347247209868e-05,-1.0
