,afl,aflfast,aflplusplus,aflsmart,entropic,fairfuzz,honggfuzz,libfuzzer,mopt
afl,-1.0,1.0,0.1808380789481733,1.0,5.113320286222479e-09,0.0008610437392386578,1.0,1.4046507493899325e-06,1.0
aflfast,1.0,-1.0,1.0,0.9911994747811042,4.4811456465511804e-07,0.01738011214101788,1.0,7.677733502002209e-05,1.0
aflplusplus,0.1808380789481733,1.0,-1.0,0.011642037354686533,0.0062073398431406746,1.0,0.4261513021350757,0.1315027790006325,0.9911994747811042
aflsmart,1.0,0.9911994747811042,0.011642037354686533,-1.0,4.296116462756414e-13,7.379571416281054e-06,1.0,7.595556216597083e-10,1.0
entropic,5.113320286222479e-09,4.4811456465511804e-07,0.0062073398431406746,4.296116462756414e-13,-1.0,0.799291672158774,1.892478027222578e-08,1.0,2.636978716308798e-07
fairfuzz,0.0008610437392386578,0.01738011214101788,1.0,7.379571416281054e-06,0.799291672158774,-1.0,0.0027272690886063775,1.0,0.011642037354686533
honggfuzz,1.0,1.0,0.4261513021350757,1.0,1.892478027222578e-08,0.0027272690886063775,-1.0,5.196978688367439e-06,1.0
libfuzzer,1.4046507493899325e-06,7.677733502002209e-05,0.1315027790006325,7.595556216597083e-10,1.0,1.0,5.196978688367439e-06,-1.0,4.602497516469873e-05
mopt,1.0,1.0,0.9911994747811042,1.0,2.636978716308798e-07,0.011642037354686533,1.0,4.602497516469873e-05,-1.0
