,afl,aflfast,aflplusplus,aflsmart,entropic,fairfuzz,honggfuzz,libfuzzer,mopt
afl,-1.0,1.0,1.0,1.0,1.0,0.2969243283720904,2.1896388386122994e-10,0.0006013578100281714,1.0
aflfast,1.0,-1.0,1.0,1.0,1.0,0.557047998244141,3.4278738459926227e-09,0.00037798470756373687,1.0
aflplusplus,1.0,1.0,-1.0,1.0,1.0,1.0,1.243007833601318e-06,1.9482849974778983e-05,1.0
aflsmart,1.0,1.0,1.0,-1.0,1.0,0.3284800247178605,1.038185270174696e-09,0.0012780361779124183,1.0
entropic,1.0,1.0,1.0,1.0,-1.0,0.02372239298336953,1.2394614287476056e-12,0.04178743220557998,1.0
fairfuzz,0.2969243283720904,0.557047998244141,1.0,0.3284800247178605,0.02372239298336953,-1.0,0.0007015861748298248,2.386643495179009e-09,0.1928594694591561
honggfuzz,2.1896388386122994e-10,3.4278738459926227e-09,1.243007833601318e-06,1.038185270174696e-09,1.2394614287476056e-12,0.0007015861748298248,-1.0,2.421773346211335e-27,1.567814415537515e-10
libfuzzer,0.0006013578100281714,0.00037798470756373687,1.9482849974778983e-05,0.0012780361779124183,0.04178743220557998,2.386643495179009e-09,2.421773346211335e-27,-1.0,0.0025049743708020866
mopt,1.0,1.0,1.0,1.0,1.0,0.1928594694591561,1.567814415537515e-10,0.0025049743708020866,-1.0
