,afl,aflfast,aflplusplus,aflsmart,entropic,fairfuzz,honggfuzz,libfuzzer,mopt
afl,-1.0,1.0,1.0,1.0,1.0,0.4463721261862761,1.5033365298954048e-06,0.08167228578166767,1.0
aflfast,1.0,-1.0,1.0,1.0,1.0,0.4723898963412147,1.5033365298954048e-06,0.05980914312105396,1.0
aflplusplus,1.0,1.0,-1.0,1.0,1.0,0.8583155494872802,6.360962828924433e-06,0.026550294256268377,1.0
aflsmart,1.0,1.0,1.0,-1.0,1.0,0.1292708648504664,8.458305253726548e-08,0.2824944929896592,1.0
entropic,1.0,1.0,1.0,1.0,-1.0,0.01218136541614178,3.863999671066252e-10,1.0,1.0
fairfuzz,0.4463721261862761,0.4723898963412147,0.8583155494872802,0.1292708648504664,0.01218136541614178,-1.0,0.0445187413652523,8.562243567604896e-06,0.26526783015285066
honggfuzz,1.5033365298954048e-06,1.5033365298954048e-06,6.360962828924433e-06,8.458305253726548e-08,3.863999671066252e-10,0.0445187413652523,-1.0,4.102797249665287e-15,2.402384358263206e-07
libfuzzer,0.08167228578166767,0.05980914312105396,0.026550294256268377,0.2824944929896592,1.0,8.562243567604896e-06,4.102797249665287e-15,-1.0,0.10516035776759475
mopt,1.0,1.0,1.0,1.0,1.0,0.26526783015285066,2.402384358263206e-07,0.10516035776759475,-1.0
